{
    "objects_xyz": [
        [
            1.0182423753466239,
            0.20302877323866925,
            0.82
        ],
        [
            1.097231177313395,
            -0.25952892083006907,
            0.82
        ],
        [
            1.122298618531388,
            -0.05276895423621565,
            0.82
        ],
        [
            1.003041231604243,
            0.003179866856073278,
            0.82
        ]
    ],
    "object_name": [
        " coke can",
        " coke can",
        " pepsi can",
        " orange"
    ],
    "person_name": [
        " person wearing gray shirt"
    ],
    "person_data": [
        3
    ]
}